id;nombre;apellido;fecha_nacimiento;correo;direccion;estado;documento;genero;numero_contacto
1;withdrawal primary Fiji;Castilla;2023-05-29T22:36:18;Parafarmacia Rua;Cambridgeshire;Práctico Madera;Cliente interactive invoice;virtual UIC-Franc de;Dirham best-of-breed País
2;panel;Interno;2023-05-29T00:29:50;Granito Savings;COM;Masía;Account Dinamarca Pantalones;negocio deposit;Asociado Metal overriding
3;Director Plástico Avon;JBOD Cliente Avon;2023-05-29T01:18:00;Cantabria matrices XSS;parsing;Raton Metal;Glorieta;connecting;engineer
4;array;intangible matrix;2023-05-29T05:23:58;Dinánmico;definición;Ingeniero Terrenos arquitectura;Multi;Versatil Metal;Hormigon homogénea auxiliary
5;Parque transicional;invoice Especialista Futuro;2023-05-29T13:25:27;XSS;Distrito neural PNG;programming payment Venezuela;Fantástico;reboot Croacia;objetos
6;overriding móbil;Salchichas Pantalones;2023-05-29T08:49:46;initiatives Inteligente Morado;B2C direccional feed;Vía;up invoice;Canarias;Marroquinería strategize
7;Reactivo Lanka;Paradigma;2023-05-29T20:45:59;Supervisor bluetooth Programable;drive web-readiness Infraestructura;Sabroso Extremadura Japón;Optimización Futuro estable;methodologies;Distrito virtual
8;recontextualize Informática;misión Ergonómico Analista;2023-05-29T17:52:48;Cambridgeshire;Hormigon Asistente Madera;Papelería Account;mejora;Persistente;implementación Planificador
9;Genérico;Berkshire;2023-05-29T17:46:02;Ouguiya;Bicicleta Arquitecto;cohesiva Virtual Queso;Granito Zapatos parsing;Auto;Pelota Rústico array
10;real-time;synthesizing;2023-05-29T23:12:34;Baleares firmware Ingeniería;RAM de;Respuesta Account Borders;multitarea;Togo Salud payment;compress Cambridgeshire
