id;fecha_solicitud;motivo;carrera_solicitada
1;2023-05-29T09:11:22;Seguro Central Account;24254
2;2023-05-29T02:26:13;Funcionario Money algoritmo;31524
3;2023-05-29T15:17:43;Honduras auxiliary channels;24599
4;2023-05-29T00:52:55;Blanco;67001
5;2023-05-29T22:36:52;synergize Bicicleta;52876
6;2023-05-29T08:26:32;port Account;77319
7;2023-05-29T13:59:47;quantifying Verde;46605
8;2023-05-29T04:18:38;auxiliary Relacciones Arrabal;6948
9;2023-05-29T18:27:03;proyecto;11597
10;2023-05-29T17:17:24;Virtual generate;79555
